"filename", "language", "C#", "XML", "JSON", "YAML", "Markdown", "HTML", "C++", "CMake", "Swift", "Groovy", "Properties", "Dart", "Python", "comment", "blank", "total"
"d:\SIC-GP5\README.md", "Markdown", 0, 0, 0, 0, 1, 0, 0, 0, 0, 0, 0, 0, 0, 0, 0, 1
"d:\SIC-GP5\SIC_Backend\Controllers\AuthController.cs", "C#", 128, 0, 0, 0, 0, 0, 0, 0, 0, 0, 0, 0, 0, 0, 31, 159
"d:\SIC-GP5\SIC_Backend\Controllers\DevicesController.cs", "C#", 65, 0, 0, 0, 0, 0, 0, 0, 0, 0, 0, 0, 0, 0, 17, 82
"d:\SIC-GP5\SIC_Backend\Controllers\FilesController.cs", "C#", 19, 0, 0, 0, 0, 0, 0, 0, 0, 0, 0, 0, 0, 14, 5, 38
"d:\SIC-GP5\SIC_Backend\Controllers\NotificationsController.cs", "C#", 33, 0, 0, 0, 0, 0, 0, 0, 0, 0, 0, 0, 0, 9, 8, 50
"d:\SIC-GP5\SIC_Backend\Controllers\PlacesController.cs", "C#", 55, 0, 0, 0, 0, 0, 0, 0, 0, 0, 0, 0, 0, 0, 13, 68
"d:\SIC-GP5\SIC_Backend\Controllers\SectionsController.cs", "C#", 58, 0, 0, 0, 0, 0, 0, 0, 0, 0, 0, 0, 0, 0, 15, 73
"d:\SIC-GP5\SIC_Backend\Controllers\TestController.cs", "C#", 53, 0, 0, 0, 0, 0, 0, 0, 0, 0, 0, 0, 0, 0, 7, 60
"d:\SIC-GP5\SIC_Backend\Controllers\UsersController.cs", "C#", 44, 0, 0, 0, 0, 0, 0, 0, 0, 0, 0, 0, 0, 0, 5, 49
"d:\SIC-GP5\SIC_Backend\Data\ApplicationDbContext.cs", "C#", 28, 0, 0, 0, 0, 0, 0, 0, 0, 0, 0, 0, 0, 0, 3, 31
"d:\SIC-GP5\SIC_Backend\Data\DTOs\DeviceDTO.cs", "C#", 27, 0, 0, 0, 0, 0, 0, 0, 0, 0, 0, 0, 0, 0, 3, 30
"d:\SIC-GP5\SIC_Backend\Data\DTOs\PlaceDTO.cs", "C#", 21, 0, 0, 0, 0, 0, 0, 0, 0, 0, 0, 0, 0, 0, 4, 25
"d:\SIC-GP5\SIC_Backend\Data\DTOs\SectionDTO.cs", "C#", 23, 0, 0, 0, 0, 0, 0, 0, 0, 0, 0, 0, 0, 0, 4, 27
"d:\SIC-GP5\SIC_Backend\Data\DTOs\UserDTO.cs", "C#", 25, 0, 0, 0, 0, 0, 0, 0, 0, 0, 0, 0, 0, 0, 4, 29
"d:\SIC-GP5\SIC_Backend\Data\Models\CreateDeviceModel.cs", "C#", 12, 0, 0, 0, 0, 0, 0, 0, 0, 0, 0, 0, 0, 0, 0, 12
"d:\SIC-GP5\SIC_Backend\Data\Models\CreatePlaceModel.cs", "C#", 8, 0, 0, 0, 0, 0, 0, 0, 0, 0, 0, 0, 0, 0, 0, 8
"d:\SIC-GP5\SIC_Backend\Data\Models\CreateSectionModel.cs", "C#", 9, 0, 0, 0, 0, 0, 0, 0, 0, 0, 0, 0, 0, 0, 0, 9
"d:\SIC-GP5\SIC_Backend\Data\Models\Device.cs", "C#", 36, 0, 0, 0, 0, 0, 0, 0, 0, 0, 0, 0, 0, 0, 5, 41
"d:\SIC-GP5\SIC_Backend\Data\Models\LoginModel.cs", "C#", 6, 0, 0, 0, 0, 0, 0, 0, 0, 0, 0, 0, 0, 0, 1, 7
"d:\SIC-GP5\SIC_Backend\Data\Models\NotificationToken.cs", "C#", 11, 0, 0, 0, 0, 0, 0, 0, 0, 0, 0, 0, 0, 0, 4, 15
"d:\SIC-GP5\SIC_Backend\Data\Models\NotificationTokenModel.cs", "C#", 8, 0, 0, 0, 0, 0, 0, 0, 0, 0, 0, 0, 0, 0, 3, 11
"d:\SIC-GP5\SIC_Backend\Data\Models\Place.cs", "C#", 20, 0, 0, 0, 0, 0, 0, 0, 0, 0, 0, 0, 0, 0, 3, 23
"d:\SIC-GP5\SIC_Backend\Data\Models\RefreshToken.cs", "C#", 11, 0, 0, 0, 0, 0, 0, 0, 0, 0, 0, 0, 0, 0, 2, 13
"d:\SIC-GP5\SIC_Backend\Data\Models\RegisterModel.cs", "C#", 17, 0, 0, 0, 0, 0, 0, 0, 0, 0, 0, 0, 0, 0, 10, 27
"d:\SIC-GP5\SIC_Backend\Data\Models\Section.cs", "C#", 22, 0, 0, 0, 0, 0, 0, 0, 0, 0, 0, 0, 0, 0, 3, 25
"d:\SIC-GP5\SIC_Backend\Data\Models\SicImage.cs", "C#", 10, 0, 0, 0, 0, 0, 0, 0, 0, 0, 0, 0, 0, 0, 1, 11
"d:\SIC-GP5\SIC_Backend\Data\Models\TokenModel.cs", "C#", 6, 0, 0, 0, 0, 0, 0, 0, 0, 0, 0, 0, 0, 0, 1, 7
"d:\SIC-GP5\SIC_Backend\Data\Models\UpdateDeviceModel.cs", "C#", 11, 0, 0, 0, 0, 0, 0, 0, 0, 0, 0, 0, 0, 0, 0, 11
"d:\SIC-GP5\SIC_Backend\Data\Models\UpdatePlaceModel.cs", "C#", 7, 0, 0, 0, 0, 0, 0, 0, 0, 0, 0, 0, 0, 0, 0, 7
"d:\SIC-GP5\SIC_Backend\Data\Models\UpdateSectionModel.cs", "C#", 8, 0, 0, 0, 0, 0, 0, 0, 0, 0, 0, 0, 0, 0, 0, 8
"d:\SIC-GP5\SIC_Backend\Data\Models\User.cs", "C#", 23, 0, 0, 0, 0, 0, 0, 0, 0, 0, 0, 0, 0, 0, 4, 27
"d:\SIC-GP5\SIC_Backend\Hubs\DevicesDataHub.cs", "C#", 25, 0, 0, 0, 0, 0, 0, 0, 0, 0, 0, 0, 0, 0, 4, 29
"d:\SIC-GP5\SIC_Backend\Hubs\IDeviceClient.cs", "C#", 7, 0, 0, 0, 0, 0, 0, 0, 0, 0, 0, 0, 0, 0, 1, 8
"d:\SIC-GP5\SIC_Backend\Migrations\20240913215642_InitialCreate.Designer.cs", "C#", 381, 0, 0, 0, 0, 0, 0, 0, 0, 0, 0, 0, 0, 2, 138, 521
"d:\SIC-GP5\SIC_Backend\Migrations\20240913215642_InitialCreate.cs", "C#", 409, 0, 0, 0, 0, 0, 0, 0, 0, 0, 0, 0, 0, 3, 41, 453
"d:\SIC-GP5\SIC_Backend\Migrations\20240915195355_DevicePin.Designer.cs", "C#", 383, 0, 0, 0, 0, 0, 0, 0, 0, 0, 0, 0, 0, 2, 139, 524
"d:\SIC-GP5\SIC_Backend\Migrations\20240915195355_DevicePin.cs", "C#", 23, 0, 0, 0, 0, 0, 0, 0, 0, 0, 0, 0, 0, 3, 4, 30
"d:\SIC-GP5\SIC_Backend\Migrations\20240917124839_SicImage.Designer.cs", "C#", 399, 0, 0, 0, 0, 0, 0, 0, 0, 0, 0, 0, 0, 2, 146, 547
"d:\SIC-GP5\SIC_Backend\Migrations\20240917124839_SicImage.cs", "C#", 34, 0, 0, 0, 0, 0, 0, 0, 0, 0, 0, 0, 0, 3, 4, 41
"d:\SIC-GP5\SIC_Backend\Migrations\ApplicationDbContextModelSnapshot.cs", "C#", 397, 0, 0, 0, 0, 0, 0, 0, 0, 0, 0, 0, 0, 1, 146, 544
"d:\SIC-GP5\SIC_Backend\Program.cs", "C#", 74, 0, 0, 0, 0, 0, 0, 0, 0, 0, 0, 0, 0, 3, 19, 96
"d:\SIC-GP5\SIC_Backend\Properties\launchSettings.json", "JSON", 0, 0, 41, 0, 0, 0, 0, 0, 0, 0, 0, 0, 0, 0, 1, 42
"d:\SIC-GP5\SIC_Backend\Repositories\DevicesRepository.cs", "C#", 61, 0, 0, 0, 0, 0, 0, 0, 0, 0, 0, 0, 0, 3, 17, 81
"d:\SIC-GP5\SIC_Backend\Repositories\FilesRepository.cs", "C#", 16, 0, 0, 0, 0, 0, 0, 0, 0, 0, 0, 0, 0, 0, 2, 18
"d:\SIC-GP5\SIC_Backend\Repositories\IDevicesRepository.cs", "C#", 15, 0, 0, 0, 0, 0, 0, 0, 0, 0, 0, 0, 0, 0, 2, 17
"d:\SIC-GP5\SIC_Backend\Repositories\IFilesRepository.cs", "C#", 7, 0, 0, 0, 0, 0, 0, 0, 0, 0, 0, 0, 0, 0, 1, 8
"d:\SIC-GP5\SIC_Backend\Repositories\IPlacesRepository.cs", "C#", 13, 0, 0, 0, 0, 0, 0, 0, 0, 0, 0, 0, 0, 0, 2, 15
"d:\SIC-GP5\SIC_Backend\Repositories\ISectionsRepository.cs", "C#", 14, 0, 0, 0, 0, 0, 0, 0, 0, 0, 0, 0, 0, 0, 2, 16
"d:\SIC-GP5\SIC_Backend\Repositories\IUsersRepository.cs", "C#", 12, 0, 0, 0, 0, 0, 0, 0, 0, 0, 0, 0, 0, 0, 2, 14
"d:\SIC-GP5\SIC_Backend\Repositories\PlacesRepository.cs", "C#", 51, 0, 0, 0, 0, 0, 0, 0, 0, 0, 0, 0, 0, 2, 14, 67
"d:\SIC-GP5\SIC_Backend\Repositories\SectionsRepository.cs", "C#", 57, 0, 0, 0, 0, 0, 0, 0, 0, 0, 0, 0, 0, 2, 15, 74
"d:\SIC-GP5\SIC_Backend\Repositories\UsersRepository.cs", "C#", 38, 0, 0, 0, 0, 0, 0, 0, 0, 0, 0, 0, 0, 0, 7, 45
"d:\SIC-GP5\SIC_Backend\SIC_Backend.csproj", "XML", 0, 24, 0, 0, 0, 0, 0, 0, 0, 0, 0, 0, 0, 0, 5, 29
"d:\SIC-GP5\SIC_Backend\Services\FilesService.cs", "C#", 73, 0, 0, 0, 0, 0, 0, 0, 0, 0, 0, 0, 0, 0, 21, 94
"d:\SIC-GP5\SIC_Backend\Services\IFilesService.cs", "C#", 9, 0, 0, 0, 0, 0, 0, 0, 0, 0, 0, 0, 0, 0, 1, 10
"d:\SIC-GP5\SIC_Backend\Services\TokenService.cs", "C#", 50, 0, 0, 0, 0, 0, 0, 0, 0, 0, 0, 0, 0, 0, 11, 61
"d:\SIC-GP5\SIC_Backend\appsettings.Development.json", "JSON", 0, 0, 15, 0, 0, 0, 0, 0, 0, 0, 0, 0, 0, 0, 1, 16
"d:\SIC-GP5\SIC_Backend\appsettings.json", "JSON", 0, 0, 16, 0, 0, 0, 0, 0, 0, 0, 0, 0, 0, 1, 1, 18
"d:\SIC-GP5\python_clients\httpDeviceSimulation.py", "Python", 0, 0, 0, 0, 0, 0, 0, 0, 0, 0, 0, 0, 8, 0, 1, 9
"d:\SIC-GP5\python_clients\publisher.py", "Python", 0, 0, 0, 0, 0, 0, 0, 0, 0, 0, 0, 0, 14, 0, 7, 21
"d:\SIC-GP5\python_clients\signalr_client.py", "Python", 0, 0, 0, 0, 0, 0, 0, 0, 0, 0, 0, 0, 17, 0, 8, 25
"d:\SIC-GP5\sic_home\README.md", "Markdown", 0, 0, 0, 0, 2, 0, 0, 0, 0, 0, 0, 0, 0, 0, 2, 4
"d:\SIC-GP5\sic_home\analysis_options.yaml", "YAML", 0, 0, 0, 1, 0, 0, 0, 0, 0, 0, 0, 0, 0, 0, 1, 2
"d:\SIC-GP5\sic_home\android\app\build.gradle", "Groovy", 0, 0, 0, 0, 0, 0, 0, 0, 0, 33, 0, 0, 0, 8, 7, 48
"d:\SIC-GP5\sic_home\android\app\google-services.json", "JSON", 0, 0, 29, 0, 0, 0, 0, 0, 0, 0, 0, 0, 0, 0, 0, 29
"d:\SIC-GP5\sic_home\android\app\src\debug\AndroidManifest.xml", "XML", 0, 3, 0, 0, 0, 0, 0, 0, 0, 0, 0, 0, 0, 4, 1, 8
"d:\SIC-GP5\sic_home\android\app\src\main\AndroidManifest.xml", "XML", 0, 34, 0, 0, 0, 0, 0, 0, 0, 0, 0, 0, 0, 11, 1, 46
"d:\SIC-GP5\sic_home\android\app\src\main\res\drawable-v21\launch_background.xml", "XML", 0, 4, 0, 0, 0, 0, 0, 0, 0, 0, 0, 0, 0, 7, 2, 13
"d:\SIC-GP5\sic_home\android\app\src\main\res\drawable\launch_background.xml", "XML", 0, 4, 0, 0, 0, 0, 0, 0, 0, 0, 0, 0, 0, 7, 2, 13
"d:\SIC-GP5\sic_home\android\app\src\main\res\values-night\styles.xml", "XML", 0, 9, 0, 0, 0, 0, 0, 0, 0, 0, 0, 0, 0, 9, 1, 19
"d:\SIC-GP5\sic_home\android\app\src\main\res\values\styles.xml", "XML", 0, 9, 0, 0, 0, 0, 0, 0, 0, 0, 0, 0, 0, 9, 1, 19
"d:\SIC-GP5\sic_home\android\app\src\profile\AndroidManifest.xml", "XML", 0, 3, 0, 0, 0, 0, 0, 0, 0, 0, 0, 0, 0, 4, 1, 8
"d:\SIC-GP5\sic_home\android\build.gradle", "Groovy", 0, 0, 0, 0, 0, 0, 0, 0, 0, 16, 0, 0, 0, 0, 3, 19
"d:\SIC-GP5\sic_home\android\gradle.properties", "Properties", 0, 0, 0, 0, 0, 0, 0, 0, 0, 0, 3, 0, 0, 0, 1, 4
"d:\SIC-GP5\sic_home\android\gradle\wrapper\gradle-wrapper.properties", "Properties", 0, 0, 0, 0, 0, 0, 0, 0, 0, 0, 5, 0, 0, 0, 1, 6
"d:\SIC-GP5\sic_home\android\settings.gradle", "Groovy", 0, 0, 0, 0, 0, 0, 0, 0, 0, 22, 0, 0, 0, 2, 5, 29
"d:\SIC-GP5\sic_home\firebase.json", "JSON", 0, 0, 1, 0, 0, 0, 0, 0, 0, 0, 0, 0, 0, 0, 0, 1
"d:\SIC-GP5\sic_home\ios\RunnerTests\RunnerTests.swift", "Swift", 0, 0, 0, 0, 0, 0, 0, 0, 7, 0, 0, 0, 0, 2, 4, 13
"d:\SIC-GP5\sic_home\ios\Runner\AppDelegate.swift", "Swift", 0, 0, 0, 0, 0, 0, 0, 0, 12, 0, 0, 0, 0, 0, 2, 14
"d:\SIC-GP5\sic_home\ios\Runner\Assets.xcassets\AppIcon.appiconset\Contents.json", "JSON", 0, 0, 122, 0, 0, 0, 0, 0, 0, 0, 0, 0, 0, 0, 1, 123
"d:\SIC-GP5\sic_home\ios\Runner\Assets.xcassets\LaunchImage.imageset\Contents.json", "JSON", 0, 0, 23, 0, 0, 0, 0, 0, 0, 0, 0, 0, 0, 0, 1, 24
"d:\SIC-GP5\sic_home\ios\Runner\Assets.xcassets\LaunchImage.imageset\README.md", "Markdown", 0, 0, 0, 0, 3, 0, 0, 0, 0, 0, 0, 0, 0, 0, 2, 5
"d:\SIC-GP5\sic_home\ios\Runner\Base.lproj\LaunchScreen.storyboard", "XML", 0, 36, 0, 0, 0, 0, 0, 0, 0, 0, 0, 0, 0, 1, 1, 38
"d:\SIC-GP5\sic_home\ios\Runner\Base.lproj\Main.storyboard", "XML", 0, 25, 0, 0, 0, 0, 0, 0, 0, 0, 0, 0, 0, 1, 1, 27
"d:\SIC-GP5\sic_home\ios\Runner\Runner-Bridging-Header.h", "C++", 0, 0, 0, 0, 0, 0, 1, 0, 0, 0, 0, 0, 0, 0, 1, 2
"d:\SIC-GP5\sic_home\lib\apis\api_client.dart", "Dart", 0, 0, 0, 0, 0, 0, 0, 0, 0, 0, 0, 79, 0, 0, 11, 90
"d:\SIC-GP5\sic_home\lib\apis\authentication\authentication.dart", "Dart", 0, 0, 0, 0, 0, 0, 0, 0, 0, 0, 0, 80, 0, 4, 18, 102
"d:\SIC-GP5\sic_home\lib\apis\authentication\authentication_api.dart", "Dart", 0, 0, 0, 0, 0, 0, 0, 0, 0, 0, 0, 49, 0, 1, 12, 62
"d:\SIC-GP5\sic_home\lib\apis\authentication\exceptions\authentication_exception.dart", "Dart", 0, 0, 0, 0, 0, 0, 0, 0, 0, 0, 0, 50, 0, 0, 11, 61
"d:\SIC-GP5\sic_home\lib\apis\authentication\interfaces\iauthentication.dart", "Dart", 0, 0, 0, 0, 0, 0, 0, 0, 0, 0, 0, 13, 0, 0, 9, 22
"d:\SIC-GP5\sic_home\lib\apis\authentication\interfaces\iauthentication_api.dart", "Dart", 0, 0, 0, 0, 0, 0, 0, 0, 0, 0, 0, 8, 0, 0, 4, 12
"d:\SIC-GP5\sic_home\lib\apis\authentication\token_manager.dart", "Dart", 0, 0, 0, 0, 0, 0, 0, 0, 0, 0, 0, 89, 0, 1, 20, 110
"d:\SIC-GP5\sic_home\lib\apis\devices_api.dart", "Dart", 0, 0, 0, 0, 0, 0, 0, 0, 0, 0, 0, 41, 0, 0, 10, 51
"d:\SIC-GP5\sic_home\lib\apis\devices_api.g.dart", "Dart", 0, 0, 0, 0, 0, 0, 0, 0, 0, 0, 0, 249, 0, 5, 20, 274
"d:\SIC-GP5\sic_home\lib\apis\places_api.dart", "Dart", 0, 0, 0, 0, 0, 0, 0, 0, 0, 0, 0, 33, 0, 0, 8, 41
"d:\SIC-GP5\sic_home\lib\apis\places_api.g.dart", "Dart", 0, 0, 0, 0, 0, 0, 0, 0, 0, 0, 0, 181, 0, 5, 18, 204
"d:\SIC-GP5\sic_home\lib\apis\sections_api.dart", "Dart", 0, 0, 0, 0, 0, 0, 0, 0, 0, 0, 0, 37, 0, 0, 9, 46
"d:\SIC-GP5\sic_home\lib\apis\sections_api.g.dart", "Dart", 0, 0, 0, 0, 0, 0, 0, 0, 0, 0, 0, 215, 0, 5, 19, 239
"d:\SIC-GP5\sic_home\lib\apis\users_api.dart", "Dart", 0, 0, 0, 0, 0, 0, 0, 0, 0, 0, 0, 27, 0, 0, 7, 34
"d:\SIC-GP5\sic_home\lib\apis\users_api.g.dart", "Dart", 0, 0, 0, 0, 0, 0, 0, 0, 0, 0, 0, 169, 0, 5, 17, 191
"d:\SIC-GP5\sic_home\lib\assets\config.json", "JSON", 0, 0, 3, 0, 0, 0, 0, 0, 0, 0, 0, 0, 0, 0, 1, 4
"d:\SIC-GP5\sic_home\lib\assets\icons\Universe Verification Badge Background.svg", "XML", 0, 1, 0, 0, 0, 0, 0, 0, 0, 0, 0, 0, 0, 0, 0, 1
"d:\SIC-GP5\sic_home\lib\assets\icons\Universe Verification Badge Foreground.svg", "XML", 0, 1, 0, 0, 0, 0, 0, 0, 0, 0, 0, 0, 0, 0, 0, 1
"d:\SIC-GP5\sic_home\lib\assets\icons\Universe Verification Badge.svg", "XML", 0, 1, 0, 0, 0, 0, 0, 0, 0, 0, 0, 0, 0, 0, 0, 1
"d:\SIC-GP5\sic_home\lib\assets\icons\about.svg", "XML", 0, 5, 0, 0, 0, 0, 0, 0, 0, 0, 0, 0, 0, 0, 1, 6
"d:\SIC-GP5\sic_home\lib\assets\icons\account.svg", "XML", 0, 5, 0, 0, 0, 0, 0, 0, 0, 0, 0, 0, 0, 0, 1, 6
"d:\SIC-GP5\sic_home\lib\assets\icons\animated_verification.json", "JSON", 0, 0, 503, 0, 0, 0, 0, 0, 0, 0, 0, 0, 0, 0, 1, 504
"d:\SIC-GP5\sic_home\lib\assets\icons\bell.svg", "XML", 0, 4, 0, 0, 0, 0, 0, 0, 0, 0, 0, 0, 0, 0, 1, 5
"d:\SIC-GP5\sic_home\lib\assets\icons\bellFilled.svg", "XML", 0, 4, 0, 0, 0, 0, 0, 0, 0, 0, 0, 0, 0, 0, 1, 5
"d:\SIC-GP5\sic_home\lib\assets\icons\edit.svg", "XML", 0, 5, 0, 0, 0, 0, 0, 0, 0, 0, 0, 0, 0, 0, 1, 6
"d:\SIC-GP5\sic_home\lib\assets\icons\editFilled.svg", "XML", 0, 4, 0, 0, 0, 0, 0, 0, 0, 0, 0, 0, 0, 0, 1, 5
"d:\SIC-GP5\sic_home\lib\assets\icons\facebook.svg", "XML", 0, 2, 0, 0, 0, 0, 0, 0, 0, 0, 0, 0, 0, 0, 0, 2
"d:\SIC-GP5\sic_home\lib\assets\icons\google.svg", "XML", 0, 2, 0, 0, 0, 0, 0, 0, 0, 0, 0, 0, 0, 0, 0, 2
"d:\SIC-GP5\sic_home\lib\assets\icons\heart.svg", "XML", 0, 3, 0, 0, 0, 0, 0, 0, 0, 0, 0, 0, 0, 0, 1, 4
"d:\SIC-GP5\sic_home\lib\assets\icons\heartFilled.svg", "XML", 0, 3, 0, 0, 0, 0, 0, 0, 0, 0, 0, 0, 0, 0, 1, 4
"d:\SIC-GP5\sic_home\lib\assets\icons\home.svg", "XML", 0, 5, 0, 0, 0, 0, 0, 0, 0, 0, 0, 0, 0, 0, 1, 6
"d:\SIC-GP5\sic_home\lib\assets\icons\homeFilled.svg", "XML", 0, 4, 0, 0, 0, 0, 0, 0, 0, 0, 0, 0, 0, 0, 1, 5
"d:\SIC-GP5\sic_home\lib\assets\icons\lock.svg", "XML", 0, 5, 0, 0, 0, 0, 0, 0, 0, 0, 0, 0, 0, 0, 1, 6
"d:\SIC-GP5\sic_home\lib\assets\icons\message.svg", "XML", 0, 4, 0, 0, 0, 0, 0, 0, 0, 0, 0, 0, 0, 0, 1, 5
"d:\SIC-GP5\sic_home\lib\assets\icons\messageFilled.svg", "XML", 0, 3, 0, 0, 0, 0, 0, 0, 0, 0, 0, 0, 0, 0, 1, 4
"d:\SIC-GP5\sic_home\lib\assets\icons\microsoft.svg", "XML", 0, 2, 0, 0, 0, 0, 0, 0, 0, 0, 0, 0, 0, 0, 0, 2
"d:\SIC-GP5\sic_home\lib\assets\icons\reply.svg", "XML", 0, 5, 0, 0, 0, 0, 0, 0, 0, 0, 0, 0, 0, 0, 1, 6
"d:\SIC-GP5\sic_home\lib\assets\icons\save.svg", "XML", 0, 4, 0, 0, 0, 0, 0, 0, 0, 0, 0, 0, 0, 0, 1, 5
"d:\SIC-GP5\sic_home\lib\assets\icons\saveFilled.svg", "XML", 0, 3, 0, 0, 0, 0, 0, 0, 0, 0, 0, 0, 0, 0, 1, 4
"d:\SIC-GP5\sic_home\lib\assets\icons\search.svg", "XML", 0, 4, 0, 0, 0, 0, 0, 0, 0, 0, 0, 0, 0, 0, 1, 5
"d:\SIC-GP5\sic_home\lib\assets\icons\searchFilled.svg", "XML", 0, 4, 0, 0, 0, 0, 0, 0, 0, 0, 0, 0, 0, 0, 1, 5
"d:\SIC-GP5\sic_home\lib\assets\icons\settings.svg", "XML", 0, 4, 0, 0, 0, 0, 0, 0, 0, 0, 0, 0, 0, 0, 1, 5
"d:\SIC-GP5\sic_home\lib\assets\icons\share.svg", "XML", 0, 5, 0, 0, 0, 0, 0, 0, 0, 0, 0, 0, 0, 0, 1, 6
"d:\SIC-GP5\sic_home\lib\assets\icons\shield.svg", "XML", 0, 3, 0, 0, 0, 0, 0, 0, 0, 0, 0, 0, 0, 0, 1, 4
"d:\SIC-GP5\sic_home\lib\assets\icons\user.svg", "XML", 0, 4, 0, 0, 0, 0, 0, 0, 0, 0, 0, 0, 0, 0, 1, 5
"d:\SIC-GP5\sic_home\lib\assets\icons\userFilled.svg", "XML", 0, 4, 0, 0, 0, 0, 0, 0, 0, 0, 0, 0, 0, 0, 1, 5
"d:\SIC-GP5\sic_home\lib\assets\icons\world.svg", "XML", 0, 3, 0, 0, 0, 0, 0, 0, 0, 0, 0, 0, 0, 0, 1, 4
"d:\SIC-GP5\sic_home\lib\config.dart", "Dart", 0, 0, 0, 0, 0, 0, 0, 0, 0, 0, 0, 29, 0, 0, 9, 38
"d:\SIC-GP5\sic_home\lib\firebase_options.dart", "Dart", 0, 0, 0, 0, 0, 0, 0, 0, 0, 0, 0, 70, 0, 12, 7, 89
"d:\SIC-GP5\sic_home\lib\main.dart", "Dart", 0, 0, 0, 0, 0, 0, 0, 0, 0, 0, 0, 62, 0, 0, 4, 66
"d:\SIC-GP5\sic_home\lib\models\authentication\login_model.dart", "Dart", 0, 0, 0, 0, 0, 0, 0, 0, 0, 0, 0, 15, 0, 0, 4, 19
"d:\SIC-GP5\sic_home\lib\models\authentication\notification_token.dart", "Dart", 0, 0, 0, 0, 0, 0, 0, 0, 0, 0, 0, 32, 0, 0, 6, 38
"d:\SIC-GP5\sic_home\lib\models\authentication\register_model.dart", "Dart", 0, 0, 0, 0, 0, 0, 0, 0, 0, 0, 0, 32, 0, 0, 4, 36
"d:\SIC-GP5\sic_home\lib\models\authentication\tokens_model.dart", "Dart", 0, 0, 0, 0, 0, 0, 0, 0, 0, 0, 0, 46, 0, 0, 10, 56
"d:\SIC-GP5\sic_home\lib\models\create_device_model.dart", "Dart", 0, 0, 0, 0, 0, 0, 0, 0, 0, 0, 0, 23, 0, 0, 6, 29
"d:\SIC-GP5\sic_home\lib\models\create_device_model.g.dart", "Dart", 0, 0, 0, 0, 0, 0, 0, 0, 0, 0, 0, 25, 0, 4, 6, 35
"d:\SIC-GP5\sic_home\lib\models\create_place_model.dart", "Dart", 0, 0, 0, 0, 0, 0, 0, 0, 0, 0, 0, 14, 0, 0, 6, 20
"d:\SIC-GP5\sic_home\lib\models\create_place_model.g.dart", "Dart", 0, 0, 0, 0, 0, 0, 0, 0, 0, 0, 0, 11, 0, 4, 5, 20
"d:\SIC-GP5\sic_home\lib\models\create_section_model.dart", "Dart", 0, 0, 0, 0, 0, 0, 0, 0, 0, 0, 0, 16, 0, 0, 6, 22
"d:\SIC-GP5\sic_home\lib\models\create_section_model.g.dart", "Dart", 0, 0, 0, 0, 0, 0, 0, 0, 0, 0, 0, 13, 0, 4, 5, 22
"d:\SIC-GP5\sic_home\lib\models\device.dart", "Dart", 0, 0, 0, 0, 0, 0, 0, 0, 0, 0, 0, 33, 0, 0, 7, 40
"d:\SIC-GP5\sic_home\lib\models\device.g.dart", "Dart", 0, 0, 0, 0, 0, 0, 0, 0, 0, 0, 0, 25, 0, 4, 6, 35
"d:\SIC-GP5\sic_home\lib\models\place.dart", "Dart", 0, 0, 0, 0, 0, 0, 0, 0, 0, 0, 0, 18, 0, 0, 6, 24
"d:\SIC-GP5\sic_home\lib\models\place.g.dart", "Dart", 0, 0, 0, 0, 0, 0, 0, 0, 0, 0, 0, 15, 0, 4, 5, 24
"d:\SIC-GP5\sic_home\lib\models\section.dart", "Dart", 0, 0, 0, 0, 0, 0, 0, 0, 0, 0, 0, 21, 0, 0, 6, 27
"d:\SIC-GP5\sic_home\lib\models\section.g.dart", "Dart", 0, 0, 0, 0, 0, 0, 0, 0, 0, 0, 0, 17, 0, 4, 5, 26
"d:\SIC-GP5\sic_home\lib\models\update_device_model.dart", "Dart", 0, 0, 0, 0, 0, 0, 0, 0, 0, 0, 0, 21, 0, 0, 6, 27
"d:\SIC-GP5\sic_home\lib\models\update_device_model.g.dart", "Dart", 0, 0, 0, 0, 0, 0, 0, 0, 0, 0, 0, 23, 0, 4, 6, 33
"d:\SIC-GP5\sic_home\lib\models\update_place_model.dart", "Dart", 0, 0, 0, 0, 0, 0, 0, 0, 0, 0, 0, 12, 0, 0, 6, 18
"d:\SIC-GP5\sic_home\lib\models\update_place_model.g.dart", "Dart", 0, 0, 0, 0, 0, 0, 0, 0, 0, 0, 0, 9, 0, 4, 5, 18
"d:\SIC-GP5\sic_home\lib\models\update_section_model.dart", "Dart", 0, 0, 0, 0, 0, 0, 0, 0, 0, 0, 0, 14, 0, 0, 6, 20
"d:\SIC-GP5\sic_home\lib\models\update_section_model.g.dart", "Dart", 0, 0, 0, 0, 0, 0, 0, 0, 0, 0, 0, 11, 0, 4, 5, 20
"d:\SIC-GP5\sic_home\lib\models\user.dart", "Dart", 0, 0, 0, 0, 0, 0, 0, 0, 0, 0, 0, 22, 0, 0, 6, 28
"d:\SIC-GP5\sic_home\lib\models\user.g.dart", "Dart", 0, 0, 0, 0, 0, 0, 0, 0, 0, 0, 0, 19, 0, 4, 5, 28
"d:\SIC-GP5\sic_home\lib\repositories\authentication_repository.dart", "Dart", 0, 0, 0, 0, 0, 0, 0, 0, 0, 0, 0, 11, 0, 0, 5, 16
"d:\SIC-GP5\sic_home\lib\repositories\devices_repository.dart", "Dart", 0, 0, 0, 0, 0, 0, 0, 0, 0, 0, 0, 37, 0, 0, 9, 46
"d:\SIC-GP5\sic_home\lib\repositories\interfaces\i_devices_repository.dart", "Dart", 0, 0, 0, 0, 0, 0, 0, 0, 0, 0, 0, 12, 0, 0, 8, 20
"d:\SIC-GP5\sic_home\lib\repositories\interfaces\i_places_repository.dart", "Dart", 0, 0, 0, 0, 0, 0, 0, 0, 0, 0, 0, 10, 0, 0, 6, 16
"d:\SIC-GP5\sic_home\lib\repositories\interfaces\i_sections_repository.dart", "Dart", 0, 0, 0, 0, 0, 0, 0, 0, 0, 0, 0, 11, 0, 0, 7, 18
"d:\SIC-GP5\sic_home\lib\repositories\interfaces\i_users_repository.dart", "Dart", 0, 0, 0, 0, 0, 0, 0, 0, 0, 0, 0, 8, 0, 0, 5, 13
"d:\SIC-GP5\sic_home\lib\repositories\places_repository.dart", "Dart", 0, 0, 0, 0, 0, 0, 0, 0, 0, 0, 0, 29, 0, 0, 7, 36
"d:\SIC-GP5\sic_home\lib\repositories\sections_repository.dart", "Dart", 0, 0, 0, 0, 0, 0, 0, 0, 0, 0, 0, 33, 0, 0, 8, 41
"d:\SIC-GP5\sic_home\lib\repositories\users_repository.dart", "Dart", 0, 0, 0, 0, 0, 0, 0, 0, 0, 0, 0, 24, 0, 0, 6, 30
"d:\SIC-GP5\sic_home\lib\services\firebase_cloud_messaging.dart", "Dart", 0, 0, 0, 0, 0, 0, 0, 0, 0, 0, 0, 30, 0, 5, 8, 43
"d:\SIC-GP5\sic_home\lib\services\mqtt_client.dart", "Dart", 0, 0, 0, 0, 0, 0, 0, 0, 0, 0, 0, 0, 0, 0, 2, 2
"d:\SIC-GP5\sic_home\lib\ui\routes\blocs\device_bloc.dart", "Dart", 0, 0, 0, 0, 0, 0, 0, 0, 0, 0, 0, 85, 0, 15, 18, 118
"d:\SIC-GP5\sic_home\lib\ui\routes\blocs\home_bloc.dart", "Dart", 0, 0, 0, 0, 0, 0, 0, 0, 0, 0, 0, 87, 0, 0, 13, 100
"d:\SIC-GP5\sic_home\lib\ui\routes\blocs\login_bloc.dart", "Dart", 0, 0, 0, 0, 0, 0, 0, 0, 0, 0, 0, 99, 0, 1, 9, 109
"d:\SIC-GP5\sic_home\lib\ui\routes\blocs\place_bloc.dart", "Dart", 0, 0, 0, 0, 0, 0, 0, 0, 0, 0, 0, 89, 0, 0, 14, 103
"d:\SIC-GP5\sic_home\lib\ui\routes\blocs\register_bloc.dart", "Dart", 0, 0, 0, 0, 0, 0, 0, 0, 0, 0, 0, 127, 0, 2, 7, 136
"d:\SIC-GP5\sic_home\lib\ui\routes\blocs\section_bloc.dart", "Dart", 0, 0, 0, 0, 0, 0, 0, 0, 0, 0, 0, 89, 0, 0, 14, 103
"d:\SIC-GP5\sic_home\lib\ui\routes\blocs\startup_bloc.dart", "Dart", 0, 0, 0, 0, 0, 0, 0, 0, 0, 0, 0, 78, 0, 1, 12, 91
"d:\SIC-GP5\sic_home\lib\ui\routes\device.dart", "Dart", 0, 0, 0, 0, 0, 0, 0, 0, 0, 0, 0, 113, 0, 31, 8, 152
"d:\SIC-GP5\sic_home\lib\ui\routes\home.dart", "Dart", 0, 0, 0, 0, 0, 0, 0, 0, 0, 0, 0, 210, 0, 0, 8, 218
"d:\SIC-GP5\sic_home\lib\ui\routes\login.dart", "Dart", 0, 0, 0, 0, 0, 0, 0, 0, 0, 0, 0, 194, 0, 0, 7, 201
"d:\SIC-GP5\sic_home\lib\ui\routes\place.dart", "Dart", 0, 0, 0, 0, 0, 0, 0, 0, 0, 0, 0, 216, 0, 0, 10, 226
"d:\SIC-GP5\sic_home\lib\ui\routes\register.dart", "Dart", 0, 0, 0, 0, 0, 0, 0, 0, 0, 0, 0, 257, 0, 0, 7, 264
"d:\SIC-GP5\sic_home\lib\ui\routes\route_generator.dart", "Dart", 0, 0, 0, 0, 0, 0, 0, 0, 0, 0, 0, 78, 0, 0, 7, 85
"d:\SIC-GP5\sic_home\lib\ui\routes\section.dart", "Dart", 0, 0, 0, 0, 0, 0, 0, 0, 0, 0, 0, 296, 0, 0, 10, 306
"d:\SIC-GP5\sic_home\lib\ui\routes\startup.dart", "Dart", 0, 0, 0, 0, 0, 0, 0, 0, 0, 0, 0, 18, 0, 0, 3, 21
"d:\SIC-GP5\sic_home\lib\ui\styles\text_styles.dart", "Dart", 0, 0, 0, 0, 0, 0, 0, 0, 0, 0, 0, 12, 0, 0, 3, 15
"d:\SIC-GP5\sic_home\linux\flutter\generated_plugin_registrant.cc", "C++", 0, 0, 0, 0, 0, 0, 7, 0, 0, 0, 0, 0, 0, 4, 5, 16
"d:\SIC-GP5\sic_home\linux\flutter\generated_plugin_registrant.h", "C++", 0, 0, 0, 0, 0, 0, 5, 0, 0, 0, 0, 0, 0, 5, 6, 16
"d:\SIC-GP5\sic_home\linux\flutter\generated_plugins.cmake", "CMake", 0, 0, 0, 0, 0, 0, 0, 19, 0, 0, 0, 0, 0, 0, 6, 25
"d:\SIC-GP5\sic_home\linux\main.cc", "C++", 0, 0, 0, 0, 0, 0, 5, 0, 0, 0, 0, 0, 0, 0, 2, 7
"d:\SIC-GP5\sic_home\linux\my_application.cc", "C++", 0, 0, 0, 0, 0, 0, 82, 0, 0, 0, 0, 0, 0, 17, 26, 125
"d:\SIC-GP5\sic_home\linux\my_application.h", "C++", 0, 0, 0, 0, 0, 0, 7, 0, 0, 0, 0, 0, 0, 7, 5, 19
"d:\SIC-GP5\sic_home\macos\Flutter\GeneratedPluginRegistrant.swift", "Swift", 0, 0, 0, 0, 0, 0, 0, 0, 12, 0, 0, 0, 0, 3, 4, 19
"d:\SIC-GP5\sic_home\macos\RunnerTests\RunnerTests.swift", "Swift", 0, 0, 0, 0, 0, 0, 0, 0, 7, 0, 0, 0, 0, 2, 4, 13
"d:\SIC-GP5\sic_home\macos\Runner\AppDelegate.swift", "Swift", 0, 0, 0, 0, 0, 0, 0, 0, 8, 0, 0, 0, 0, 0, 2, 10
"d:\SIC-GP5\sic_home\macos\Runner\Assets.xcassets\AppIcon.appiconset\Contents.json", "JSON", 0, 0, 68, 0, 0, 0, 0, 0, 0, 0, 0, 0, 0, 0, 1, 69
"d:\SIC-GP5\sic_home\macos\Runner\Base.lproj\MainMenu.xib", "XML", 0, 343, 0, 0, 0, 0, 0, 0, 0, 0, 0, 0, 0, 0, 1, 344
"d:\SIC-GP5\sic_home\macos\Runner\MainFlutterWindow.swift", "Swift", 0, 0, 0, 0, 0, 0, 0, 0, 12, 0, 0, 0, 0, 0, 4, 16
"d:\SIC-GP5\sic_home\pubspec.yaml", "YAML", 0, 0, 0, 38, 0, 0, 0, 0, 0, 0, 0, 0, 0, 0, 7, 45
"d:\SIC-GP5\sic_home\web\index.html", "HTML", 0, 0, 0, 0, 0, 19, 0, 0, 0, 0, 0, 0, 0, 15, 5, 39
"d:\SIC-GP5\sic_home\web\manifest.json", "JSON", 0, 0, 35, 0, 0, 0, 0, 0, 0, 0, 0, 0, 0, 0, 1, 36
"d:\SIC-GP5\sic_home\windows\flutter\generated_plugin_registrant.cc", "C++", 0, 0, 0, 0, 0, 0, 9, 0, 0, 0, 0, 0, 0, 4, 5, 18
"d:\SIC-GP5\sic_home\windows\flutter\generated_plugin_registrant.h", "C++", 0, 0, 0, 0, 0, 0, 5, 0, 0, 0, 0, 0, 0, 5, 6, 16
"d:\SIC-GP5\sic_home\windows\flutter\generated_plugins.cmake", "CMake", 0, 0, 0, 0, 0, 0, 0, 20, 0, 0, 0, 0, 0, 0, 6, 26
"d:\SIC-GP5\sic_home\windows\runner\flutter_window.cpp", "C++", 0, 0, 0, 0, 0, 0, 49, 0, 0, 0, 0, 0, 0, 7, 16, 72
"d:\SIC-GP5\sic_home\windows\runner\flutter_window.h", "C++", 0, 0, 0, 0, 0, 0, 20, 0, 0, 0, 0, 0, 0, 5, 9, 34
"d:\SIC-GP5\sic_home\windows\runner\main.cpp", "C++", 0, 0, 0, 0, 0, 0, 30, 0, 0, 0, 0, 0, 0, 4, 10, 44
"d:\SIC-GP5\sic_home\windows\runner\resource.h", "C++", 0, 0, 0, 0, 0, 0, 9, 0, 0, 0, 0, 0, 0, 6, 2, 17
"d:\SIC-GP5\sic_home\windows\runner\utils.cpp", "C++", 0, 0, 0, 0, 0, 0, 54, 0, 0, 0, 0, 0, 0, 2, 10, 66
"d:\SIC-GP5\sic_home\windows\runner\utils.h", "C++", 0, 0, 0, 0, 0, 0, 8, 0, 0, 0, 0, 0, 0, 6, 6, 20
"d:\SIC-GP5\sic_home\windows\runner\win32_window.cpp", "C++", 0, 0, 0, 0, 0, 0, 210, 0, 0, 0, 0, 0, 0, 24, 55, 289
"d:\SIC-GP5\sic_home\windows\runner\win32_window.h", "C++", 0, 0, 0, 0, 0, 0, 48, 0, 0, 0, 0, 0, 0, 31, 24, 103
"Total", "-", 3352, 600, 856, 39, 6, 19, 549, 39, 58, 71, 8, 4221, 39, 395, 1787, 12039